model_name,accuracy,precision,recall,f1_score,avg_time_per_review
Model 1 - DistilBERT,0.86,0.85,0.8095238095238095,0.8292682926829268,0.05813239574432373
Model 2 - RoBERTa Large,0.93,0.8888888888888888,0.9523809523809523,0.9195402298850575,0.3573452425003052
